Date,precipitable_water_entire_atmosphere,relative_humidity_2m_above_ground,specific_humidity_2m_above_ground,temperature_2m_above_ground,u_component_of_wind_10m_above_ground,v_component_of_wind_10m_above_ground
01-01-2018,24.10000038,72.70000458,0.00956,15.16149292,-0.012186279,-0.933913529
02-01-2018,27.36228752,74.90000153,0.010462524,16.04799805,0.314543456,-0.48545897
03-01-2018,30.24661827,86.59999847,0.01193,15.83852539,-0.28273192,-0.653964818
04-01-2018,33.01068878,90.90000153,0.01278,16.16924438,0.21157226,0.90812254
05-01-2018,27.25037193,82.41335297,0.011391523,15.92345581,1.047275424,-0.037741698
06-01-2018,24.30000114,81.30000305,0.01066,15.1249939,-0.367690414,-1.720410109
07-01-2018,23.80000114,74.73505402,0.009574572,14.81624756,0.544003904,-0.813266575
08-01-2018,20.60062981,64.90000153,0.00818,14.49666748,-0.003815918,-1.861772418
09-01-2018,21.7869873,72.59728241,0.009780956,15.58709106,-0.600393057,-0.693701148
10-01-2018,22,68.07369232,0.008876207,15.06298218,-0.884206533,-1.480971694
11-01-2018,27.70000076,83.37598419,0.011370239,15.71138916,-1.524686217,-0.749462903
12-01-2018,24.60000038,72.30000305,0.008959999,14.2885376,-0.07512451,-0.900454104
13-01-2018,23.41394615,76.90000153,0.00937,13.98153076,-2.30096674,-1.773784161
14-01-2018,23.39999962,71.40000153,0.00862,13.84719238,-1.32664299,-1.211984873
15-01-2018,19.89999962,49.90000153,0.00739,17.02324829,-1.159470201,-0.633041978
16-01-2018,18.10000038,50.5,0.00657,14.97963867,0.038762204,-1.534570336
17-01-2018,18.11301231,78.09999847,0.00942,13.80846558,-0.921872556,-0.74007076
18-01-2018,20.93750572,81.90000153,0.01048,14.71193848,-1.531457543,-1.858530283
19-01-2018,20.68883705,69.5,0.00895,14.81408081,-0.96940428,-1.59531486
20-01-2018,23.39999962,91.40000153,0.012120004,15.23406372,-2.393378735,-1.353085876
21-01-2018,18.81626892,69.90000153,0.00893,14.71358643,-1.175354004,-2.110800743
22-01-2018,14.57213116,62.90000153,0.00792,14.44140015,-1.828923345,-2.533657074
23-01-2018,18.40672112,56.70000076,0.00769,15.5992981,-1.703935504,-1.793955088
24-01-2018,19.75696373,77.5,0.009610163,14.21724854,-2.015497923,-2.303037167
25-01-2018,23.51301384,86.5,0.011351202,15.07793579,-3.32868886,-2.54138422
26-01-2018,24.39999962,69.28474426,0.009691083,16.07305298,-0.709252894,-0.628618121
27-01-2018,23.70166969,70.6763382,0.009145441,14.93914185,-1.441312194,-2.217617035
28-01-2018,19.30000114,89.80115509,0.011404421,14.58245239,-1.635070801,-1.823684096
29-01-2018,17.10000038,72.75905609,0.009278746,14.64852295,-1.716445327,-2.246289015
30-01-2018,16.05089378,56.3998909,0.007526568,15.36998901,-1.957304597,-2.066957951
31-01-2018,20,58.79999924,0.00841,16.42809448,-2.196301222,-2.33019042
01-02-2018,23.89999962,72.93553925,0.009734158,15.37062988,-2.367954016,-2.831469774
02-02-2018,16.60000038,91.17757416,0.011349999,14.25960693,-2.766894579,-1.834770441
03-02-2018,15.24680233,79.90034485,0.009451168,13.52385864,-2.091435432,-2.063789129
04-02-2018,17.20000076,68.59999847,0.008719999,14.6178833,-2.162861347,-2.056232929
05-02-2018,20.55634117,69,0.00942,15.69350586,-2.388239622,-1.984338284
06-02-2018,23,77.6002121,0.010294101,15.26000366,-1.938857436,-2.469465256
07-02-2018,23.45866203,76.09999847,0.01003,15.13292847,-2.384733915,-1.936848044
08-02-2018,21.78126144,60.29999924,0.0075,14.244104,-2.495302677,-2.329904795
09-02-2018,16.89999962,61.20000076,0.00728,13.59267578,-1.979516506,-1.374694824
10-02-2018,16.5,76.20000458,0.00969,14.57991943,-3.480173349,-2.828119993
11-02-2018,17.10000038,86.90000153,0.011,14.54854736,-3.526132822,-3.01253891
12-02-2018,20.60000038,86.70168304,0.01155167,15.32171021,-4.018168926,-3.145236731
13-02-2018,19.5,70.67195129,0.008903489,14.50930176,-3.020561457,-2.000829935
14-02-2018,20.60000038,73.59999847,0.009573681,14.99453125,-3.519018412,-2.033486366
15-02-2018,18.24860954,83.5,0.010831494,14.93688354,-3.709457874,-1.973186016
16-02-2018,20.60000038,89.09999847,0.011582399,14.95626221,-3.941657543,-3.208374023
17-02-2018,18.78663254,79.59168243,0.010277857,14.85881958,-3.339208841,-3.44205308
18-02-2018,19.26190186,87.59999847,0.01155,15.14312134,-2.987590313,-2.947575569
19-02-2018,21.70055771,88.17714691,0.01188346,15.48494873,-3.073884249,-2.716425657
20-02-2018,27.55037308,87.20000458,0.011890267,15.64986572,-2.474167347,-1.977167964
21-02-2018,23.5,79.90000153,0.01109,15.95235596,-1.997813702,-2.29360342
22-02-2018,24.4934082,70.28178406,0.010632555,17.26159058,-2.543293476,-2.03883791
23-02-2018,20.89999962,76.81855774,0.01069,15.94646606,-2.841088772,-2.671355009
24-02-2018,11.10000038,81.63076019,0.010943428,15.39000854,-3.014426231,-2.436813831
25-02-2018,23.10000038,77.43767548,0.01136,16.85262451,-2.251010656,-1.553483844
26-02-2018,21.20000076,59.10000229,0.009127958,17.63634644,-3.677695274,-2.946074247
27-02-2018,23,62.57619095,0.00948,17.3286377,-2.42036128,-1.43777585
28-02-2018,25,77,0.011330002,16.86699829,-2.293828011,-1.855854392
01-03-2018,32.29999924,72.50074768,0.011270106,17.74813232,0.798852503,-0.790566385
02-03-2018,29.89999962,80.88331604,0.0111,15.82265625,3.478000402,1.068920851
03-03-2018,31.08800125,80.04078674,0.011919999,17.09713135,0.114992671,-0.018395996
04-03-2018,31.56488609,82.59999847,0.01187474,16.51226196,1.862275362,0.211369619
05-03-2018,27.5,77.20000458,0.010749107,16.05632935,-0.551118135,-1.117839336
06-03-2018,28.20000076,76.4479599,0.01052,15.88094482,-0.294948727,-0.824487269
07-03-2018,27.39999962,87.57744598,0.011469999,15.11196289,-0.553198218,-0.346066892
08-03-2018,21.74888992,86.03773499,0.01181,15.80501709,-1.262421846,-1.576135278
09-03-2018,25.81344032,69.5,0.010339654,17.03737793,-1.553608418,-1.876357436
10-03-2018,29.51301384,77.09062958,0.011589999,17.22945557,-1.155603051,-0.629777789
11-03-2018,26.39999962,80.5,0.011554477,16.51241455,-1.414965749,-1.710151315
12-03-2018,32.20000076,86.80000305,0.012619999,16.68242798,-1.724167466,-1.103876948
13-03-2018,33,80.90000153,0.01231,17.44109497,0.498430163,-0.436970204
14-03-2018,30.70000076,78.43526459,0.011137053,16.37331543,0.669343233,-0.503146946
15-03-2018,32.10000229,81.70000458,0.012139999,17.015802,-1.750717759,-1.773737788
16-03-2018,,,,,,
17-03-2018,,,,,,
18-03-2018,,,,,,
19-03-2018,28.39226723,68.80000305,0.012246881,19.928125,-5.571078777,-1.799240708
20-03-2018,25.70000076,80.30000305,0.01103,15.82067261,-1.614018559,-1.650871515
21-03-2018,26.39025688,85.70000458,0.010749999,14.40029297,-2.929199219,-2.163828135
22-03-2018,19.70000076,91.09999847,0.0112,14.09545288,-2.371499777,-2.104260206
23-03-2018,18.39999962,88.40000153,0.01119,14.54680786,-1.868569255,-1.814399362
24-03-2018,25.39999962,88.59999847,0.01188,15.42049561,-3.341235161,-1.495273352
25-03-2018,25.14888954,90.80000305,0.012613298,15.95910034,-2.326730967,-0.949724078
26-03-2018,27.30000114,87.59999847,0.011690673,15.36321411,-1.8544873,-1.915956974
27-03-2018,23.70000076,91.30000305,0.01211,15.27266846,-3.714323759,-2.389052629
28-03-2018,23.80000114,88.59999847,0.01101,14.23885498,-2.143989325,-2.035568714
29-03-2018,26.65994263,89.59999847,0.011299999,14.47979126,-2.512439013,-2.113171339
30-03-2018,22.07572746,91.73301697,0.01143,14.30556641,-2.230900764,-2.019120932
31-03-2018,25.30000114,88.5,0.011993381,15.58193359,-2.513547421,-1.339421391
01-04-2018,28.10000038,92.5,0.011835113,14.68096313,-1.880981445,-1.458151817
02-04-2018,29.39999962,89.29995728,0.011399999,14.64434204,-2.030617714,-1.617748976
03-04-2018,29,90.09999847,0.01224,15.59850464,-3.97049427,-2.244668007
04-04-2018,27.00078201,89.30000305,0.01132,14.53557739,-2.368671894,-2.054221153
05-04-2018,24.10000038,90.70000458,0.011634325,14.72799072,-1.649103999,-1.011594176
06-04-2018,28.70000076,91.20000458,0.011921999,14.99587402,-2.032226563,-0.998203099
07-04-2018,28.39999962,93.57312012,0.01253,15.38076172,-2.503742695,-0.909749746
08-04-2018,30.70000076,90.4004364,0.011969999,15.22734985,-1.782055616,-1.425976515
09-04-2018,27.39999962,92.90000153,0.01193,14.75582275,-1.613503337,-1.051433086
10-04-2018,28.80000114,91.5,0.012332139,15.48278198,-1.933266521,-1.401938438
11-04-2018,31.89999962,90.20000458,0.012639999,16.08599243,-1.387109399,-0.549374998
12-04-2018,27.89999962,90.41259003,0.012131006,15.41997681,-1.466495275,-1.214614272
13-04-2018,26.74685097,90.10342407,0.01203,15.36281738,-1.659433603,-1.696398854
14-04-2018,29.07983398,89.59999847,0.01225,15.76000366,-0.36663574,-0.22731933
15-04-2018,32.02074432,85,0.011969999,16.24285278,1.388002872,0.228876948
16-04-2018,31,86.59999847,0.01187,15.82091675,2.818115234,0.520908177
17-04-2018,31.70000076,83.20000458,0.011349999,15.76104126,2.406408548,-1.866176724
18-04-2018,30.20000076,88.7503891,0.012089999,15.7315918,1.436164498,0.023297118
19-04-2018,31.30000114,86.70754242,0.01203,16.01030884,0.900170863,-0.291835934
20-04-2018,30.23062134,80.80000305,0.011159999,15.94396362,0.328027338,-0.347019047
21-04-2018,32.10000229,85.59999847,0.012209999,16.42794189,0.823916018,0.054666746
22-04-2018,32.77080917,86.28579712,0.012602366,16.76943359,-0.19952637,-0.312617183
23-04-2018,32.5,83.59999847,0.01235,16.97811279,0.589013636,-0.260078132
24-04-2018,33.88629913,87.70000458,0.01285,16.83223877,-0.895090342,-1.191679716
25-04-2018,30.20000076,93.5,0.012383037,15.22957764,-1.553210378,-0.781035125
26-04-2018,26.89999962,92.20000458,0.012322241,15.38018188,-1.796203613,-0.543123782
27-04-2018,27.80000114,94.09999847,0.012949999,15.82998047,-1.67697382,0.256499022
28-04-2018,28,93.26583099,0.012567664,15.50475464,-2.064130783,-0.42966795
29-04-2018,26,92.63056946,0.01181,14.67803345,-2.077973604,-1.235883713
30-04-2018,29.10000038,93.00007629,0.0121,15.00386963,-1.822792888,-1.216809034
01-05-2018,30,91.11011505,0.01208,15.24358521,-1.775800705,-0.374428689
02-05-2018,31.10000038,91.67774963,0.01186,14.89721069,-0.231920168,-0.380338132
03-05-2018,29.10000038,86.30000305,0.010799999,14.41445313,0.590637207,0.365368634
04-05-2018,31,91.80000305,0.012363713,15.46187744,-2.412967443,-0.086262204
05-05-2018,29.70000076,93.46716309,0.012709999,15.61547241,-2.690700531,-0.557380378
06-05-2018,26.10000038,93.20000458,0.012519999,15.48922119,-2.113251925,-0.201303706
07-05-2018,30.10000038,92.69787598,0.012525486,15.58217773,-2.788312912,-0.161027834
08-05-2018,30.37501335,94.220047,0.01221485,14.91918335,-1.253554702,-0.144360349
09-05-2018,28,91.67540741,0.011452425,14.34682617,-1.214409113,-0.902797818
10-05-2018,27.20000076,92.59017181,0.012224909,15.19561157,-2.491381884,-0.308962405
11-05-2018,26.5,92.59999847,0.01223,15.21557007,-2.277912617,-0.865356445
12-05-2018,23.39999962,92.59608459,0.01145,14.19991455,-0.898432612,-0.742199719
13-05-2018,25.80000114,87,0.011530239,15.27663574,-0.356523424,-0.571582019
14-05-2018,28.39999962,91.09999847,0.01181,14.92421875,-0.840554178,-0.911345184
15-05-2018,31,93.36194611,0.012759999,15.71654663,-3.509435892,0.37381348
16-05-2018,29.39999962,89.5,0.01179,15.17775879,-0.571175516,0.059515379
17-05-2018,30.30000114,88.94755554,0.011995425,15.55800781,-0.662687957,-1.203832984
18-05-2018,25.70000076,85.09999847,0.0107,14.50127563,0.189880371,-0.731943369
19-05-2018,28.20000076,89.40000153,0.01133,14.58416138,-1.056289077,0.064697266
20-05-2018,26.5,81.40000153,0.010530101,14.9394165,-0.937927246,-0.791528285
21-05-2018,30.60000038,89.5,0.01182,15.20195923,-1.142624497,0.944794893
22-05-2018,32.79999924,94.5,0.012519999,15.24517212,-1.733190894,0.833532691
23-05-2018,28.20000076,92,0.01169,14.64998779,-2.040944815,-0.272336423
24-05-2018,30.20000076,87.09999847,0.011321933,15.05001221,-1.685612798,-0.274567872
25-05-2018,27.50380325,83.40000153,0.010729999,14.8237854,-0.30663085,-0.226940915
26-05-2018,24.34491539,93.90000153,0.012211181,14.97826538,-2.039348125,0.139313966
27-05-2018,20.0880127,90.09999847,0.01155,14.75603638,-1.674096584,0.339355469
28-05-2018,18.39999962,89.30000305,0.01108,14.2946106,0.311552733,1.06036377
29-05-2018,14.51982403,81.70000458,0.00949,13.34127197,-0.839340806,-0.947285116
30-05-2018,18.39999962,80.40000153,0.009339999,13.32000122,-0.49004516,-0.814799786
31-05-2018,18,87,0.010369999,13.6791626,-0.937595189,-1.184643507
01-06-2018,22.30000114,91.64633942,0.0121,15.2499939,-0.380146474,-0.187907711
02-06-2018,24.30000114,92.52258301,0.01223,15.2499939,-0.96527344,0.399243146
03-06-2018,24,92.68331909,0.01255,15.60738525,-1.162075162,0.694707036
04-06-2018,27.70000076,89.80000305,0.01231,15.79125366,0.636652827,1.293290973
05-06-2018,33.36120224,90,0.01227,15.70424805,0.567983389,0.418933094
06-06-2018,30.90636635,89.09999847,0.01158,14.97667847,-0.815993607,-0.680344224
07-06-2018,28.10000038,87.70000458,0.010911512,14.33245239,-1.46129632,-0.029990233
08-06-2018,27.89999962,89.59999847,0.010509999,13.45229492,-0.234858394,1.083081007
09-06-2018,28.5,88.70000458,0.011050032,14.36687622,-1.121235371,0.516076624
10-06-2018,24.39999962,88.70000458,0.01055,13.65865479,-0.316450179,0.123325191
11-06-2018,17.39999962,81.92826843,0.00917,12.82943115,0.29816407,-0.106760249
12-06-2018,13.89442348,78.70000458,0.008511077,12.17125854,-1.141870141,-1.686010718
13-06-2018,18.20000076,91.36153412,0.01091,13.7137085,-1.022307158,-0.105446778
14-06-2018,20.5,89.92043304,0.011039999,14.12731323,-0.912106931,0.280234367
15-06-2018,19.39999962,84.32913971,0.009635293,13.07732544,0.514221191,0.282563478
16-06-2018,24.30000114,81.41300964,0.01005,14.27214966,-0.744897425,0.027497558
17-06-2018,27.70000076,89.64596558,0.01151,14.80932007,-1.50927484,-0.263518065
18-06-2018,27.89999962,91.39914703,0.01143,14.39919434,-1.112492681,0.647465825
19-06-2018,23.10000038,89.657547,0.01078,13.7618042,-1.171723604,0.369108886
20-06-2018,23.20353508,90.65428925,0.01081,13.66393433,-0.805854499,0.916079104
21-06-2018,21.10000038,88.30000305,0.01054,13.72011719,-2.133388519,-0.916594207
22-06-2018,20.30000114,90.30000305,0.01021,12.9500061,-0.501977503,-0.742060542
23-06-2018,24.39999962,90.70000458,0.01121,14.2499939,-1.409133315,-0.207187489
24-06-2018,26.10000038,81.81890106,0.01005,14.15001831,-0.901860356,0.000109863
25-06-2018,27.39999962,79.80000305,0.009986936,14.43288574,0.171535641,0.540983856
26-06-2018,24.80000114,86.59999847,0.00993,13.05001221,-1.61531496,-0.957029998
27-06-2018,22.60000038,83.61537933,0.01005,13.75979004,-0.902558565,-0.077210695
28-06-2018,20.70000076,77.22631836,0.008816071,13.04998169,-0.686125457,0.269953609
29-06-2018,20,80.09999847,0.009382427,13.45848999,-0.237250969,-0.134418949
30-06-2018,19.47868538,90.20000458,0.01098,13.9500061,-1.323283672,0.456525862
01-07-2018,16.56536293,89.80000305,0.01095,14.01976929,-1.278334975,-0.198210448
02-07-2018,24.60000038,90.40000153,0.01088,13.73897705,-1.716445327,0.365390629
03-07-2018,25.80000114,86.20392609,0.010389999,13.83657227,-1.726333022,-0.300458968
04-07-2018,23.70000076,92.40027618,0.01122,13.93578491,-2.013329983,0.9404248
05-07-2018,19.30000114,86.70000458,0.00997,13.06826172,-2.253293514,-0.440024406
06-07-2018,15.90000057,75.90000153,0.00861,13.05336914,0.794586182,1.158355713
07-07-2018,17.10000038,77.09999847,0.00828,12.20098267,0.143432617,0.321578979
08-07-2018,19.70000076,79.80000305,0.009529999,13.69899902,-2.156909227,-0.407946795
09-07-2018,21.89999962,80.74186707,0.0099,14.1015564,-0.630014658,0.654160142
10-07-2018,21.89999962,87.20000458,0.010423486,13.75591431,-1.667700171,0.033518065
11-07-2018,25.80000114,80.30000305,0.009889999,14.2499939,0.146943361,-0.12417724
12-07-2018,24.30000114,76.30000305,0.009099999,13.65807495,-0.360057354,0.286040038
13-07-2018,24.39999962,79.5,0.009711085,14.05010376,-0.304291993,1.325964332
14-07-2018,21.89999962,84.41590881,0.00983,13.33532104,-1.365788579,0.414096683
15-07-2018,21.89999962,84.80000305,0.0098,13.19506226,-1.125988722,-0.005390625
16-07-2018,14.10000038,82.91113281,0.008669999,11.7499939,-0.400290519,-0.289650887
17-07-2018,12.80000019,80.79524994,0.00862,12.08168945,-0.380744606,0.081491694
18-07-2018,18.60000038,66.4925766,0.00768,13.2499939,0.959672809,-0.286005855
19-07-2018,19.10000038,75.97547913,0.008359999,12.54024658,-0.235356435,0.024748534
20-07-2018,19.89999962,72.2921524,0.00856,13.55001221,0.169650882,0.350258768
21-07-2018,19.10000038,85.09999847,0.009099999,12.11467896,-1.677604914,-0.546782196
22-07-2018,18.5,88.87289429,0.01023,13.15001831,-1.315197706,0.645963132
23-07-2018,18.5,85.40000153,0.009649999,12.85808716,-0.849638641,1.583691359
24-07-2018,19,85.65333557,0.00909,11.9500061,-0.959653318,-0.311308593
25-07-2018,21.11364746,82.79805756,0.00904,12.34996948,-1.745102525,0.02043457
26-07-2018,23.5,82.81850433,0.00899,12.2499939,-1.176713824,0.799343228
27-07-2018,21.5,81.07182312,0.008757905,12.23775635,-0.555188,-0.56897217
28-07-2018,18.5,85.47194672,0.00956959,12.73293457,-1.240336895,-0.791818857
29-07-2018,22.70000076,84.90000153,0.0103,13.96401367,-1.208715796,-0.806085169
30-07-2018,24.30000114,83.5,0.010152431,13.97786865,-1.127075195,-0.783644974
31-07-2018,26.57983398,88,0.0115,15.04900513,-1.723344684,0.006523437
01-08-2018,19,88,0.01079,14.07158813,-2.030444384,-0.315192878
02-08-2018,15.40000057,85.13785553,0.010157204,13.66338501,-1.709846139,-1.201752901
03-08-2018,16.30000114,82.52497864,0.00997,13.85,-1.133942842,-1.455766559
04-08-2018,15.69999981,80.59611511,0.00920816,12.94997559,-1.849284649,-1.429487228
05-08-2018,14.60000038,80.20694733,0.00899,12.7499939,-2.919843674,-1.58342278
06-08-2018,21.20000076,85.50417328,0.010131168,13.55001221,-2.228886604,0.323266596
07-08-2018,19.10000038,84.61793518,0.0099,13.35,-2.34794426,-1.087373018
08-08-2018,16.89999962,68.40000153,0.00775,12.90664063,-2.012043476,-1.346127868
09-08-2018,18.20000076,72.90000153,0.008755015,13.7885376,-1.459457994,-0.962094724
10-08-2018,18.5,78.75039673,0.00948,13.8517395,-1.156005859,-0.923977017
11-08-2018,22.39999962,85.83149719,0.009941574,13.26003418,-2.147680521,-0.613701165
12-08-2018,21.60000038,84.14087677,0.010245356,14.00917969,-3.733999014,-0.379196763
13-08-2018,18.5,80.30000305,0.00935,13.33144531,-2.722092152,-0.157214358
14-08-2018,15.19999981,82.09999847,0.009,12.42171631,-2.101757765,-0.794633746
15-08-2018,18.30000114,83.40000153,0.00993,13.65615234,-2.257810116,-0.411462396
16-08-2018,19.80000114,84.80653381,0.01031,13.98278198,-1.972666025,0.82585448
17-08-2018,20.39999962,79.85085297,0.00864,12.2217041,-0.721491694,-0.407578111
18-08-2018,25.30000114,85.09999847,0.00956,12.74413452,-1.495961905,-0.246154785
19-08-2018,28.80000114,84.80000305,0.01048854,14.22191772,-0.913803697,0.20877929
20-08-2018,22.60000038,71.70000458,0.00828,13.1123291,-1.153603435,-0.235756829
21-08-2018,23.05228996,75.70000458,0.0087,13.07085571,-2.850549221,-0.903964818
22-08-2018,21.5,73.5,0.00877,13.64998779,-1.424951196,-0.511030257
23-08-2018,26.20000076,87.48720551,0.010649558,13.9500061,-1.90015626,-0.372138649
24-08-2018,23.10000038,88.52148438,0.01028,13.2496582,-1.02139163,-0.085439451
25-08-2018,26.70000076,79.53270721,0.009914123,14.35,-2.285986185,-0.499335915
26-08-2018,25.30000114,87.60813141,0.01139,14.9500061,-1.728843927,0.242836908
27-08-2018,23.70000076,81.6132431,0.00998,14.03173218,-0.494082034,0.325258791
28-08-2018,27.10000038,83.09999847,0.01148,15.88533936,-0.857216775,0.126699209
29-08-2018,26.30000114,78.30380249,0.00971,14.28838501,-1.539882779,0.030931396
30-08-2018,23.10000038,77.30000305,0.00935,13.88787231,-2.387172699,-0.144985348
31-08-2018,21.5,76.50423431,0.00952,14.27193604,-1.342395067,0.136437997
01-09-2018,24.30000114,81.10133362,0.01014,14.35,-1.562158227,-0.054486085
02-09-2018,23.20000076,81.80000305,0.010644488,14.96825562,-1.513852477,-0.198364258
03-09-2018,24.70000076,83.09999847,0.010720048,14.87212524,-0.956870079,-0.345776349
04-09-2018,24.60000038,83.90000153,0.010799999,14.89403687,-2.83312726,-1.10428226
05-09-2018,25.89999962,88.5,0.01152,14.98586426,-2.886601448,0.562670887
06-09-2018,22.20000076,84.09999847,0.010919999,14.97521362,-3.343632698,0.625498056
07-09-2018,21.10000038,86.20000458,0.01077,14.35,-1.510625005,-0.972675741
08-09-2018,18.89999962,85.80000305,0.011004964,14.7499939,-3.555998564,-0.662363291
09-09-2018,17.60000038,77.5,0.00926,13.64998779,-1.808332443,-1.454360366
10-09-2018,19.5,83.09999847,0.011369999,15.7499939,-3.254379749,-1.081633329
11-09-2018,22.80000114,82.40000153,0.01148,16.05001221,-3.319072247,-0.960588336
12-09-2018,17.10000038,84.5,0.01035,14.0487915,-3.595422506,-1.374780297
13-09-2018,17.20000076,81.39506531,0.01035,14.56829224,-3.497454882,-1.30645752
14-09-2018,19.80000114,85.90000153,0.011729999,15.70620117,-2.416992188,-0.049956053
15-09-2018,20,82.70000458,0.01115,15.55001221,-3.236039877,-0.958300769
16-09-2018,16.80000114,70.53031921,0.00889,14.47368774,-1.759567857,-1.647551179
17-09-2018,14.69999981,66,0.008160747,14.14998779,-1.046789527,-1.308959961
18-09-2018,17.88184738,76.80000305,0.0095,14.15001831,-2.503088236,-1.374624014
19-09-2018,18.99743652,80.70000458,0.00986,14.00292358,-2.590795755,-1.462602496
20-09-2018,21.10000038,78.09999847,0.00983,14.47530518,-3.057883263,-1.18768549
21-09-2018,19,81,0.011344499,16.05001221,-2.00619626,0.209309071
22-09-2018,21.89999962,85.20000458,0.011097657,15.00045166,-2.627626896,-0.809123516
23-09-2018,19.70000076,80,0.00974,13.96724854,-2.231733322,-1.411215782
24-09-2018,18.80000114,80.70000458,0.010059999,14.33168945,-2.946616173,-1.086674809
25-09-2018,21.20000076,83.35879517,0.011229999,15.51775513,-4.130096436,-0.03053589
26-09-2018,21.70000076,85.90000153,0.01146,15.34142456,-2.987612247,-0.956201136
27-09-2018,26.39999962,82,0.01141,16.02486572,-3.780781269,0.040034179
28-09-2018,24.80000114,87.51018524,0.01194,15.65001831,-2.422172785,-1.264536142
29-09-2018,14.90000057,85.70000458,0.011520051,15.45601807,-3.167438984,-0.404812008
30-09-2018,20.10000038,81,0.010989999,15.621698,-2.298535109,-0.694497049
01-10-2018,16.18792915,67.5,0.007969938,13.51012573,-0.845888674,-1.864658117
02-10-2018,22.51301384,81.20000458,0.009746451,13.73412476,-3.054953098,-1.142041087
03-10-2018,25.30000114,87.20000458,0.011370007,15.009729,-3.589628935,-0.271271974
04-10-2018,22.5,81.59999847,0.01095,15.44555054,-3.601254702,-1.545039058
05-10-2018,19.20000076,81.34340668,0.0108593,15.37355957,-2.8442626,-1.01696527
06-10-2018,21.39999962,83.70000458,0.011634624,15.99715576,-3.769526243,-0.545078099
07-10-2018,23,82.90000153,0.01187,16.43486938,-3.670070648,-0.175695792
08-10-2018,25.39999962,82.13606262,0.011647041,16.27010498,-3.625639677,-1.246076584
09-10-2018,28.5,85.11766815,0.011750881,15.85756836,-2.539711952,-0.259829104
10-10-2018,24.70000076,82.90000153,0.010894561,15.12139282,-4.005217075,-1.240576148
11-10-2018,23.89999962,83.20000458,0.011401959,15.76592407,-3.202560902,-0.705146492
12-10-2018,24.89999962,76.33613586,0.0106,15.97728882,-1.898842692,-0.776784658
13-10-2018,26.39999962,84.75107574,0.01215,16.46026001,-3.884526253,-1.667651296
14-10-2018,24.60000038,82.80000305,0.011403786,15.85564575,-2.643154144,-1.628471613
15-10-2018,20.39999962,80.20000458,0.01125,16.12828979,-2.082377911,-1.920139074
16-10-2018,23.30000114,86.1243515,0.01237,16.50420532,-3.047416925,-1.053574204
17-10-2018,26.70000076,87.89315033,0.01237,16.1920105,-3.875639677,-2.066723585
18-10-2018,24.10000038,84.5,0.011490024,15.62047729,-3.419667959,-2.543271542
19-10-2018,30.60000038,87.09999847,0.01189,15.6843811,-3.088574171,-2.557426691
20-10-2018,15.70657063,87.20000458,0.011478583,15.11629639,-3.852241039,-3.283412933
21-10-2018,18.89999962,72.80000305,0.010020006,15.84835205,-4.071662426,-2.333178759
22-10-2018,22.89999962,86.60422516,0.011776171,15.6501709,-4.677685261,-0.018774414
23-10-2018,26.10000038,85.90029907,0.011251574,15.08495483,-5.212805271,1.638513207
24-10-2018,24.4799118,89.66066742,0.011098591,14.22457275,-1.552111864,-0.767578125
25-10-2018,28.1987896,69.09999847,0.009025468,15.04247437,-0.941186547,-0.966491699
26-10-2018,27.06900597,88.86766815,0.01146,14.84685669,-0.880584717,1.273345947
27-10-2018,27.31090736,91.30000305,0.011949999,15.08913574,-2.667932272,-0.551831067
28-10-2018,27.25111198,88.30000305,0.011919999,15.54436646,-2.489467621,-0.736831009
29-10-2018,24.60000038,88.79953003,0.011905991,15.4336792,-3.409462929,-1.273010254
30-10-2018,26.70000076,87.17015076,0.01179,15.55657349,-3.069802284,-1.729045391
31-10-2018,25.18425369,84.06873322,0.010869999,14.84801636,-2.750026703,-2.083793879
01-11-2018,24.39999962,90.40000153,0.01223202,15.54921875,-4.097057819,-3.126223087
02-11-2018,26.89999962,90.20000458,0.011949999,15.21209106,-3.819147825,-3.131677151
03-11-2018,20.41574669,87.80000305,0.011749575,15.36553345,-3.732985735,-3.122336388
04-11-2018,22.8281002,89,0.01163,15.02550659,-2.654301643,-1.950698256
05-11-2018,23.5375061,84.5,0.010439999,14.16130981,-1.823005319,-1.487072706
06-11-2018,20.0023098,82.11037445,0.01053363,14.72750244,-2.744482279,-2.241801739
07-11-2018,20.70000076,84.80000305,0.01118654,15.16848145,-2.695271015,-1.939150333
08-11-2018,20.41180992,87.98518372,0.012039999,15.73751221,-3.181972504,-2.037231445
09-11-2018,24.04966164,85.20000458,0.012279999,16.53276978,-2.771887064,-1.13076663
10-11-2018,27.60000038,91.43476105,0.01213,15.28127441,-2.223105431,-0.623817146
11-11-2018,28.39999962,91.09999847,0.012317668,15.56011353,-2.761152267,-1.576096177
12-11-2018,23,90.35259247,0.01139,14.48259888,-1.629968166,-1.304599524
13-11-2018,24.14888954,88.26046753,0.01212,15.7703186,-4.229345798,-1.928410649
14-11-2018,22.39999962,87.90000153,0.01218,15.89977417,-4.12220192,-2.222463369
15-11-2018,24.5,90.20565796,0.012357922,15.73446045,-3.791318178,-0.893317878
16-11-2018,19.30000114,76.40000153,0.009697532,14.6007019,-1.225966811,-1.522104502
17-11-2018,22.89999962,77.5,0.01101,16.3562561,-3.103591204,-1.635393023
18-11-2018,24.22649002,90.5,0.01191,15.14907227,-2.069040537,-1.539233327
19-11-2018,24.70000076,88.76647186,0.012263923,15.91619263,-3.264238119,-2.542963743
20-11-2018,29.70000076,91.80000305,0.012080058,15.13341675,-2.950153828,-2.09536624
21-11-2018,30.30418777,91.20000458,0.012159999,15.33330688,-2.742729425,-2.015166044
22-11-2018,29.5,89.30000305,0.01206,15.53722534,-3.517685413,-2.404487133
23-11-2018,25.90231133,89.70000458,0.011890559,15.25557861,-1.679677725,-2.339880228
24-11-2018,27.20000076,92.09999847,0.012205046,15.2270752,-3.497143507,-2.830834866
25-11-2018,22.98126602,92.40000153,0.011837403,14.72826538,-4.48098135,-3.306110859
26-11-2018,28.62915421,91.5,0.01174,14.74645386,-2.505339384,-1.530361295
27-11-2018,24.45760345,90.20000458,0.011176785,14.19191895,-3.109006166,-2.979423761
28-11-2018,23,85.30000305,0.01082,14.55736694,-2.687734365,-2.575158596
29-11-2018,21.39999962,90.70000458,0.01138,14.3883606,-3.663168907,-2.616791964
30-11-2018,20.89999962,84.40000153,0.010760025,14.63024292,-3.713947773,-3.010087729
01-12-2018,21,73.09999847,0.009440026,14.81810913,-4.289162636,-3.471491575
02-12-2018,24.38639641,91,0.01126,14.16051636,-2.329892635,-2.17364502
03-12-2018,22.38639641,90.20000458,0.01131,14.37441406,-1.711586833,-2.218784094
04-12-2018,26.80000114,93.09999847,0.01169,14.38060913,-2.683200598,-2.357382774
05-12-2018,25.5,91.30000305,0.01145,14.37850342,-2.820112228,-2.632668495
06-12-2018,22.93336296,89.20005035,0.010996033,14.12746582,-1.684785128,-2.145637274
07-12-2018,24.81344032,85.30000305,0.01108,14.949823,-2.328588724,-2.26015377
08-12-2018,25.35037231,90.80000305,0.011481274,14.50045166,-2.697011709,-2.346433163
09-12-2018,23.84347534,89.59999847,0.011442258,14.68633423,-1.798574209,-2.277885675
10-12-2018,27.60000038,90.20000458,0.011899999,15.20809326,-0.116613768,-1.461462379
11-12-2018,33.08784866,87.59999847,0.01236,16.29232178,-0.274538577,-0.183056638
12-12-2018,28.26737976,87,0.01143,15.18074951,0.276748031,-1.023312926
13-12-2018,26.89999962,94.09999847,0.01241,15.197229,-1.797299743,-1.171005845
14-12-2018,27.61343956,84.71788788,0.010783045,14.65389404,-2.093166351,-2.495209932
15-12-2018,24.20000076,89.26161957,0.010921005,14.04607544,-2.18140626,-2.30738759
16-12-2018,22.80000114,92.30000305,0.0117,14.60170898,-1.122856379,-1.597102046
17-12-2018,22.10000038,92.70000458,0.01239,15.3862854,-2.145471096,-2.056337833
18-12-2018,23.10145569,95.76930237,0.01246617,14.96236572,-2.299067259,-1.562631845
19-12-2018,27.39999962,94.5,0.012463665,15.17797241,-2.257177591,-1.466323256
20-12-2018,26.73750687,92.30000305,0.011609999,14.43703613,-1.226689458,-1.397465825
21-12-2018,26.30472374,94.09999847,0.012453272,15.21627197,-1.939877868,-1.692072749
22-12-2018,23.10000038,91.80000305,0.01241,15.53048096,-2.341940403,-2.103771925
23-12-2018,26.87338257,94.70000458,0.01256,15.2343689,-3.158205509,-1.968405724
24-12-2018,19.97896194,90.70000458,0.01144,14.47744141,-2.188832998,-1.352180123
25-12-2018,15.21735859,90.02641296,0.011610137,14.81435547,-3.087990761,-2.199213743
26-12-2018,15.40000057,95,0.011523926,13.88204346,-2.73424077,-1.959331036
27-12-2018,20.13750648,74.5,0.009261957,14.27608643,-2.926535606,-2.75023675
28-12-2018,19.51344109,87.80000305,0.01041,13.52440796,-2.454604387,-2.714370012
29-12-2018,22.61068726,84,0.010460015,14.322229,-1.942121506,-2.484570265
30-12-2018,24,88.90000153,0.01103,14.24456177,-2.365410089,-2.657175303
31-12-2018,23.80000114,91.13540649,0.01116357,14.04985962,-3.125696898,-3.041850567
01-01-2019,20.18639565,85.09999847,0.010319999,13.91317139,-2.628098011,-3.06291008
02-01-2019,19.26900673,92.96189117,0.011469999,14.17989502,-1.987404704,-2.121166945
03-01-2019,18.89999962,86.2088623,0.011420728,15.28896484,-2.550271034,-2.690844774
04-01-2019,25.29777908,87.5661087,0.011591204,15.24263916,-2.718049288,-2.138959885
05-01-2019,22.60000038,79.09267426,0.009811407,14.23348389,-2.558735371,-2.985502958
06-01-2019,24.35434532,82.37172699,0.010256449,14.30965576,-1.485158682,-2.277114153
07-01-2019,23.4150753,71.86490631,0.009089844,14.54155884,-1.177736759,-1.583850026
08-01-2019,24,62.72052765,0.008648441,15.84386597,-2.174521446,-2.576755285
09-01-2019,25.20000076,75.40000153,0.009839999,14.9996582,-1.820629835,-2.514799833
10-01-2019,24.60000038,58.67801666,0.008610507,16.80272827,-3.076630831,-3.715710402
11-01-2019,25.5,57.53662109,0.007831023,15.65905151,-1.990432143,-2.614514112
12-01-2019,14.27338314,62.79999924,0.008460478,15.5039917,-3.183371544,-3.421984673
13-01-2019,22.30000114,65,0.00876,15.51537476,-2.830781221,-3.226490498
14-01-2019,21.68639565,81.80252075,0.01033,14.48897705,-1.65920651,-2.449006319
15-01-2019,25.10000038,83.30000305,0.010799999,14.93795166,-0.698454559,-2.115581036
16-01-2019,28.70847893,90.71248627,0.012,15.23735962,-1.817070246,-1.404655695
17-01-2019,26.54986572,93,0.01177,14.5487915,-0.781701624,-1.575496793
18-01-2019,23.25089455,78.59999847,0.01072,15.70379028,-1.781497717,-2.785812855
19-01-2019,22.52848244,77.30000305,0.010340678,15.45189819,-1.017289996,-2.959213734
20-01-2019,26,71.516716,0.010393086,16.78087769,-1.876376867,-1.998098135
21-01-2019,26.30000114,66.70000458,0.00971,16.81414185,-0.597265601,-1.868823171
22-01-2019,23.22377014,65.5,0.00918,16.19567261,0.396367192,-1.93959713
23-01-2019,21.5,79.70000458,0.010580271,15.30498657,-1.91034174,-2.456210852
24-01-2019,21.95886421,83,0.01083,15.06166992,-2.189848661,-2.34543705
25-01-2019,18.89999962,77.54509735,0.010260371,15.23253784,-2.272876024,-2.261484385
26-01-2019,16.70509338,67.30000305,0.00917,15.7144104,-2.775664091,-2.985869169
27-01-2019,16.50024986,87.30000305,0.011580146,15.29091797,-3.088625431,-3.063276291
28-01-2019,20.20000076,69.80000305,0.009870366,16.27147827,-3.293647289,-2.632558584
29-01-2019,17.9106884,84.40000153,0.01113,15.18520508,-2.641457558,-2.805634737
30-01-2019,13.64436054,80.89087677,0.010329434,14.70064697,-2.70500493,-3.172819853
31-01-2019,18.39999962,86.34108734,0.011413489,15.21569214,-2.876530647,-2.853203058
01-02-2019,21.39999962,85.30000305,0.01133,15.31008301,-2.91092515,-3.239997387
02-02-2019,16.20000076,57.93071365,0.008054765,15.99352417,-3.183749914,-3.202775717
03-02-2019,17.10000038,55.15507889,0.00772047,16.09273682,-2.305696964,-2.847128868
04-02-2019,21.10000038,59.6001358,0.008880057,17.09099731,-1.926342726,-2.132722139
05-02-2019,24.30000114,60.40000153,0.0095,17.89043579,-4.990703106,-2.962521791
06-02-2019,19.93336296,65,0.00905,16.00274048,-3.350849628,-3.066081524
07-02-2019,25.30000114,61.79999924,0.00906,16.81890259,-2.969484806,-1.467734337
08-02-2019,24.20000076,79.59999847,0.011071584,15.99230347,-2.38931632,-3.034633636
09-02-2019,26.20000076,71.22570038,0.010606709,17.04110107,-1.782319307,-2.433647394
10-02-2019,21.48698807,76.75180054,0.010744003,16.07180176,-3.84634757,-3.780439377
11-02-2019,21.30000114,66,0.00919,16.01183472,-3.236381769,-3.486787081
12-02-2019,18.20000076,65.90000153,0.009219999,16.09246216,-3.063964844,-3.400698185
13-02-2019,10.92193031,58.40005112,0.007641146,15.07235107,-3.570070744,-2.825388193
14-02-2019,14.66124249,74.20014954,0.009767232,15.18068848,-3.059458017,-2.654985189
15-02-2019,15.69999981,75.80000305,0.009509999,14.46489868,-1.891538024,-2.525524855
16-02-2019,22.37371635,66.72872162,0.00936073,16.17113647,-2.796664953,-2.685837269
17-02-2019,25.37038612,76.90000153,0.0106,15.89122925,-2.854733706,-2.287648916
18-02-2019,14.19999981,54.07928085,0.007846629,16.66402588,-2.497253418,-2.819335938
19-02-2019,17.70000076,59.07183456,0.008588018,16.75817261,-1.262658715,-2.392712355
20-02-2019,21.60000038,77.53108215,0.011532307,17.03075562,-3.296403646,-1.816801667
21-02-2019,27.60000038,85.90000153,0.01227,16.41317139,-5.880168438,-1.578669429
22-02-2019,19.4064579,69.40231323,0.009690016,16.05013428,-3.571147442,-2.326205969
23-02-2019,23.60000038,79.70000458,0.01077,15.56447754,-2.100346565,-2.830976486
24-02-2019,24.52848244,79.96453857,0.011353785,16.33052979,-1.825552344,-2.245355368
25-02-2019,18.44576073,88.93213654,0.01192299,15.43969116,-1.791718721,-1.694379807
26-02-2019,15.40917873,71.90439606,0.010024325,16.04015503,-2.985253811,-2.630478382
27-02-2019,10.80000019,59.02495956,0.008257631,16.0833374,-2.861601591,-2.914804697
28-02-2019,12.26020527,75.40000153,0.010485677,16.01601563,-2.422270536,-2.549809456
01-03-2019,22.60000038,61.29999924,0.009533877,17.72533569,-2.043989182,-2.582385302
02-03-2019,21.35037231,45.70266724,0.00742,18.41411743,-1.006643057,-1.397326589
03-03-2019,21.89999962,71.31877136,0.010733156,17.39147339,2.381120443,0.125190422
04-03-2019,24.5,63.30566025,0.010337904,18.59130249,2.061928749,0.508083463
05-03-2019,23,66.09999847,0.009889999,17.24682007,-0.796440423,-1.929389596
06-03-2019,16.30000114,63.90000153,0.009149999,16.49096069,-0.507902801,-2.089255333
07-03-2019,17.83750725,53.10000229,0.00778,16.82039795,1.105507731,-1.675161123
08-03-2019,14.4954443,42.20000076,0.00638,17.32088623,-0.823781729,-2.124138117
09-03-2019,16.65947723,57.74498367,0.00869,17.27712402,-0.973256826,-2.461909056
10-03-2019,11.40355968,44.90000153,0.00676,17.2499939,-3.956362247,-3.498681545
11-03-2019,15.75947762,57.90000153,0.008156223,16.20290527,-2.421054602,-2.692453623
12-03-2019,19.65947723,60.40000153,0.00918,17.40371094,-3.324252844,-3.516279221
13-03-2019,14.60000038,46.40000153,0.00718,17.66939697,-4.061105728,-3.796547651
14-03-2019,14.90000057,62.40000153,0.008789999,16.20385132,-4.189277172,-2.744812012
15-03-2019,16.70000076,64.20000458,0.00933,16.69011841,-4.073403358,-2.941254854
16-03-2019,18.30000114,66.064888,0.01002,17.36394653,-4.418513298,-3.025143862
17-03-2019,19.10000038,83.97675323,0.012259999,16.74581299,-2.861845732,-2.871967793
18-03-2019,19.39999962,83.59999847,0.012279999,16.87081299,-2.510651827,-2.168950081
19-03-2019,20.80000114,76.59999847,0.01167057,17.40175781,-4.312953949,-3.603491068
20-03-2019,16.10000038,68.63778687,0.01028,17.10588989,-3.941215754,-3.224255323
21-03-2019,18.39999962,71.92826843,0.0104,16.56295166,-3.603368998,-2.935703039
22-03-2019,24.20000076,76.20000458,0.011969999,17.89342651,-2.869658232,-2.665444374
23-03-2019,18.10000038,86.40000153,0.01244,16.5225769,-3.85467267,-3.296032667
24-03-2019,11.60000038,67.82287598,0.00973,16.45491943,-4.036880016,-3.493852377
25-03-2019,17.60000038,75.90000153,0.01077,16.29934082,-2.110922813,-2.362600088
26-03-2019,20.91486168,61.97819138,0.00938,17.33944092,-2.791852951,-2.546672344
27-03-2019,21.74769402,58.85907745,0.00897,17.4921814,-3.126669884,-2.282382727
28-03-2019,27.70000076,82.47059631,0.011899999,16.60234985,-3.783432484,-2.106801748
29-03-2019,20.39999962,70.23522186,0.0101,16.53765259,-1.876332998,-3.125693321
30-03-2019,22.11301231,75.4154129,0.01141,17.32808838,-3.388688803,-3.613498449
31-03-2019,23.20000076,73.20231628,0.010939999,17.1211792,-3.018193245,-3.169279814
01-04-2019,21.60000038,75.70000458,0.01125,17.05050049,-3.56526351,-3.32287097
02-04-2019,19.80000114,80.27721405,0.01143,16.35003052,-3.417158127,-3.488449574
03-04-2019,15.10000038,58.90000153,0.00845,16.48952637,-2.641491652,-2.585156202
04-04-2019,25.60000038,87.76102448,0.01277,16.69164429,-3.714877844,-2.725018263
05-04-2019,26.30000114,90.6135025,0.01325,16.79497681,-4.587145805,-0.942790508
06-04-2019,23.70000076,86.1762085,0.012379999,16.55129395,-4.594025612,-2.229638577
07-04-2019,18.30000114,86.09999847,0.01223,16.28783569,-3.56258297,-2.43012929
08-04-2019,21.10000038,83.62586212,0.01217,16.71230469,-3.330852032,-3.007221699
09-04-2019,24.94920731,79.56768799,0.01148,16.58019409,-2.026667356,-1.941291451
10-04-2019,26.3780365,75.29076385,0.011349999,17.25176392,-2.857917309,-2.211081505
11-04-2019,22.81470299,92.00350189,0.013115378,16.35283813,-3.212348461,-2.412912607
12-04-2019,27.04491615,88.70000458,0.01294816,16.73104248,-3.821835756,-1.023979425
13-04-2019,20.79777908,86.09999847,0.011899999,15.86861572,-3.319589853,-2.128603458
14-04-2019,20.10000038,79.70000458,0.01098,15.85,-2.55680418,-2.082643986
15-04-2019,21.5,87.5,0.01273,16.68724976,-2.986201048,-1.840147614
16-04-2019,26.83587646,90.90000153,0.01232,15.60662231,-3.140136719,-1.320165992
17-04-2019,19.39999962,72.09999847,0.01007,16.06987915,-3.133381367,-1.994501948
18-04-2019,15.5382843,71.40000153,0.00967,15.61217651,-2.613015175,-1.527089834
19-04-2019,19.14888954,79.30000305,0.01152,16.70046387,-1.708629131,-1.30396235
20-04-2019,21.6468029,88.42571259,0.013147285,17.02254639,-2.706582069,-1.125329614
21-04-2019,31.89999962,90.09999847,0.01284,16.36766968,-0.87210691,-2.542000771
22-04-2019,31.60000038,90.3168869,0.01316,16.72063599,-2.084120989,-0.726696789
23-04-2019,33.79019165,85.42675018,0.01267,16.99193726,-0.876035154,-1.694277287
24-04-2019,30.89999962,82.64199829,0.012100697,16.8711792,3.018093109,0.391215801
25-04-2019,28.20000076,88.14788055,0.01278,16.66338501,-1.223474145,-2.331988573
26-04-2019,30.89999962,90.89998627,0.01322,16.69289551,-0.846147418,-1.732580543
27-04-2019,33.6015892,87.70000458,0.01299,17.01082764,-0.132082522,-1.03352046
28-04-2019,24.40867996,89.60005951,0.01194,15.369104,-0.6240381,-1.206022978
29-04-2019,28.85051918,89.49526978,0.01248,16.09661255,-2.567790508,-2.171079159
30-04-2019,27.5,91.59999847,0.012689999,15.92702637,-3.040690899,-1.941870093
01-05-2019,23.39999962,88.6741333,0.011608173,15.08950195,-2.125776291,-1.842504859
02-05-2019,18.10000038,72.70000458,0.00936,14.91469727,-1.843444824,-2.188745022
03-05-2019,33.10000229,89.9753952,0.01316,16.80617676,-1.148007751,-1.104755878
04-05-2019,30.70000076,94.73130035,0.013283856,16.12505493,-2.339023352,-0.642614722
05-05-2019,29.30000114,93.5,0.01309,16.10634766,-2.488796234,-0.513881803
06-05-2019,32.20000076,94.90000153,0.01308,15.88533936,-2.594011068,-0.382103264
07-05-2019,22.20000076,90.90000153,0.01251,15.85,-2.868087053,-0.415915519
08-05-2019,28.5,94,0.01306,15.9866272,-2.468998909,-0.270405263
09-05-2019,32.70000076,91.70000458,0.012656981,15.88170776,-1.706350088,-0.033869628
10-05-2019,29.70000076,95.11425781,0.01301,15.7499939,-1.526782155,-0.647939444
11-05-2019,30.39999962,93.47028351,0.012569999,15.49315796,-3.617709875,-0.08333984
12-05-2019,29.39999962,94.60492706,0.012709999,15.55001221,-2.32698226,-0.228088379
13-05-2019,29.20000076,95.01540375,0.0128,15.50878296,-2.546340227,-0.322163075
14-05-2019,24.89999962,94.37231445,0.012739999,15.5781189,-3.043790102,-1.183122516
15-05-2019,26.70000076,94.54111481,0.01286,15.6552063,-3.256371975,-0.917465806
16-05-2019,24.5,94.4245224,0.01278,15.57439575,-3.161198616,-0.58888185
17-05-2019,23.20000076,94.30000305,0.01297,15.83962402,-2.493481398,-0.456394047
18-05-2019,26.79777908,94.80000305,0.01256,15.27391968,-3.123173714,-0.384846181
19-05-2019,28,92.80000305,0.01222,15.15001831,-1.859155178,0.002216797
20-05-2019,28.561903,90.62057495,0.011349999,14.42492065,-0.047812499,-0.452377915
21-05-2019,28.64888954,94.08795929,0.012469999,15.28429565,-1.422807574,-0.223793939
22-05-2019,25.16190147,93.5480423,0.01234,15.13790283,-2.631284237,-0.589975595
23-05-2019,23.89999962,94.5,0.01245238,15.15221558,-2.019111395,-0.043906249
24-05-2019,30.30000114,88,0.011861265,15.57503662,0.415266097,0.022451172
25-05-2019,29.70000076,94.59999847,0.01254,15.2499939,-2.694667816,-0.587673306
26-05-2019,29.39999962,94.40000153,0.012089999,14.66210327,-1.845292926,-0.714580059
27-05-2019,29.60000038,94.20000458,0.01187,14.5074707,-1.226044893,-0.414681375
28-05-2019,29.20000076,94,0.0122,14.95339355,-2.544699669,-0.318630368
29-05-2019,28.80000114,91.90472412,0.01109,13.84475098,-1.628864765,-1.053977013
30-05-2019,26.30000114,89.81092072,0.01079,13.77602539,-1.013237238,-0.81593138
31-05-2019,27.20000076,88.27015686,0.01134,14.73839722,-0.45842284,-0.63011229
01-06-2019,28.20000076,89.45287323,0.01258,16.08638916,-0.940943599,-0.104553223
02-06-2019,30.60000038,91,0.01239,15.65001831,-0.573735356,-0.435310036
03-06-2019,32.06467056,94.01075745,0.012698999,15.56469116,-1.843444824,-0.861413538
04-06-2019,34,91.60692596,0.011783808,14.79378662,-2.274209023,-0.789431155
05-06-2019,32.10000229,89.17961121,0.011969999,15.4500061,-1.297141075,-0.427526832
06-06-2019,30.20000076,87.80241394,0.01136,14.94997559,-0.880017042,-0.025822753
07-06-2019,27.60595131,86.59999847,0.011609999,15.4500061,-0.42619139,0.334846199
08-06-2019,29.77676392,90.56841278,0.01205,15.35,-1.698029757,0.401999503
09-06-2019,28.54208755,87.07764435,0.011969999,15.92809448,-0.384409159,0.125236809
10-06-2019,27.20000076,89.59999847,0.01167,15.05001221,0.657756329,0.102502435
11-06-2019,27.38908386,85.8058548,0.010801287,14.50853882,-1.307914972,0.24656494
12-06-2019,28.10000038,82.30000305,0.01002,14.05001221,-1.220476031,-0.554492176
13-06-2019,28.89999962,84.30000305,0.0111,15.29613647,-1.127941847,0.681904256
14-06-2019,27,87.30000305,0.011659999,15.53066406,-0.684338391,1.200649381
15-06-2019,25.30000114,85,0.011039999,15.04009399,-0.257119149,0.835683584
16-06-2019,27.70000076,86.40000153,0.011134542,14.84996948,0.296733379,0.247329101
17-06-2019,25.60000038,78.40000153,0.009283273,13.71547852,-2.141994476,-0.230119631
18-06-2019,25.10000038,88.59999847,0.010319999,13.35,-1.616942048,-0.920126915
19-06-2019,27.20000076,89.80000305,0.01174,15.15001831,-1.004677653,-0.610085428
20-06-2019,23.60000038,82.40000153,0.01069,15.12191162,-0.409858376,-0.347471923
21-06-2019,22.89999962,86.80000305,0.0109,14.56932983,0.502512217,0.387907714
22-06-2019,24.70000076,92.40000153,0.01069,13.21505127,0.161445305,0.183940426
23-06-2019,26.60000038,87.20000458,0.01121,14.86797485,0.708173811,-0.709099114
24-06-2019,28.39999962,87,0.01144,15.22030029,-0.371809065,-1.245468736
25-06-2019,29.70000076,88.20000458,0.01177,15.44408569,-0.924846172,-0.751101077
26-06-2019,28.20000076,92.09999847,0.011969999,15.08648071,-1.306418419,-0.33170408
27-06-2019,24.80000114,84.59999847,0.010919999,14.98955688,-0.342875957,0.512307107
28-06-2019,24.5,90.40000153,0.01078,13.69381104,-0.041965332,0.18738769
29-06-2019,23.60000038,87.40000153,0.010869999,14.34026489,-0.090295412,-0.085812986
30-06-2019,21.20000076,82.40000153,0.009968788,14.00322876,0.100334473,0.375517577
01-07-2019,25.70000076,88.30000305,0.011849999,15.55001221,-1.421972632,1.536345124
02-07-2019,24.30000114,85.20000458,0.01109,15.06255493,-2.027866125,-0.10187988
03-07-2019,25.30000114,85.70000458,0.010319999,13.88329468,-1.241564989,-0.287002563
04-07-2019,26.39999962,76.5,0.00981,14.83165894,-1.853691339,-0.736606419
05-07-2019,23.10000038,78,0.00986,14.66796265,-1.543833017,-1.288034678
06-07-2019,23.5,89.59999847,0.01152,14.84481201,-1.407829523,-0.236489251
07-07-2019,23.89999962,88.40000153,0.011589999,15.14708862,-2.169479847,0.245134279
08-07-2019,21.10000038,90.5,0.01139,14.54534302,-1.621772408,-0.416398913
09-07-2019,18.89999962,88.40000153,0.011489999,15.03075562,-2.245942354,-0.675012171
10-07-2019,22.30000114,86.5,0.01164,15.56746826,-0.916533172,0.218808591
11-07-2019,23.20000076,83.5,0.01082,14.99312744,-1.892626882,-0.31028074
12-07-2019,22,90.80000305,0.01095,13.85,-1.361096144,-1.109113693
13-07-2019,23.5,82.40000153,0.01021,14.37810669,-2.355107307,-1.904147863
14-07-2019,24,85,0.010129999,13.7499939,-1.166684508,-0.185593262
15-07-2019,20.60000038,86.59999847,0.01083,14.38659058,-3.910180569,0.042929687
16-07-2019,23.5,87.59999847,0.01077,14.15001831,-1.616181612,0.365174562
17-07-2019,22.89999962,81.80000305,0.009819999,13.86211548,-2.052516937,0.448354483
18-07-2019,21.20000076,86.59999847,0.0101,13.35,-2.524604321,0.757089853
19-07-2019,17.89999962,88.09999847,0.01035,13.4500061,-2.041496515,-0.601052225
20-07-2019,20.39999962,91,0.01017,12.7499939,-0.687900364,0.485695779
21-07-2019,25.60000038,85.09999847,0.01078204,14.65001831,0.567258298,0.000734863
22-07-2019,22.80000114,88.30000305,0.01151,15.05477295,-1.372033715,-0.598269045
23-07-2019,16.10000038,76.40000153,0.00899,13.55001221,-0.430978984,-0.343303204
24-07-2019,23.89999962,76.5,0.01022,15.45308838,-1.16829586,-0.584072232
25-07-2019,22.20000076,71.30000305,0.00844,13.61681519,-0.715786099,-1.179252863
26-07-2019,24.39999962,71.90000153,0.00863,13.81456909,-1.184233427,-1.131643057
27-07-2019,23,72,0.00826,13.13744507,-1.252126455,-1.45506835
28-07-2019,20.30000114,68.59999847,0.008169999,13.7499939,-0.771035135,0.966904283
29-07-2019,22.5,71.40000153,0.00943,15.27193604,-0.970122039,-1.100915551
30-07-2019,25.80000114,86.09999847,0.01101,14.7499939,0.122290038,0.250834942
31-07-2019,31.20000076,90.80000305,0.011919999,15.15001831,-1.477850318,-0.309893817
01-08-2019,28.39999962,90.59999847,0.01177,15.04998169,-1.851845622,-0.552390099
02-08-2019,21.20000076,87.59999847,0.01053,13.78145752,-2.15662837,-1.83237052
03-08-2019,18.10000038,80.70000458,0.01066,15.3432251,-3.791413546,-0.031665038
04-08-2019,14.90000057,79.70000458,0.00926,13.35,-1.651376963,-1.522101998
05-08-2019,17.89999962,83.90000153,0.01,13.7499939,-1.578137159,-1.61906004
06-08-2019,18.30000114,75.80000305,0.0094,14.35595093,-1.510263681,-1.720051289
07-08-2019,23.30000114,82.40000153,0.01098,15.40587769,-3.096415997,-1.325417399
08-08-2019,23.10000038,92.40000153,0.012050698,15.07991943,-2.440884352,-0.267166138
09-08-2019,22,84.90000153,0.01014,13.76403198,-0.483427733,-0.751911581
10-08-2019,20.70000076,68.09999847,0.00803,13.6149231,-2.108268976,-0.838662088
11-08-2019,22.10000038,81.80000305,0.01026,14.50197754,-1.811157227,0.484665513
12-08-2019,21,78.5,0.00944,13.9500061,-1.531735778,0.391079098
13-08-2019,21.60000038,83.09999847,0.00935,12.85,-1.739545822,-0.856752932
14-08-2019,23.60000038,82.30000305,0.00995,13.9500061,-2.340275764,-0.335959464
15-08-2019,21.39999962,69.30000305,0.00785,12.909021,-1.356677175,0.208361804
16-08-2019,22.60000038,66,0.007999999,13.95083008,-2.080847025,0.275874019
17-08-2019,20.20000076,83.09999847,0.00959,13.18096313,-0.801672339,0.282084942
18-08-2019,24.10000038,82.20000458,0.00978,13.67443237,-1.578862309,-0.474050283
19-08-2019,24.39999962,85.5,0.01081,14.56182251,-1.823459387,-0.336530745
20-08-2019,22.10000038,71.59999847,0.009029999,14.59203491,-0.980822742,0.304216295
21-08-2019,23.5,84.5,0.010297571,14.04998169,-1.717968702,0.02013916
22-08-2019,22.60000038,89.80000305,0.01117,14.39769897,-1.220395446,0.596721172
23-08-2019,22.30000114,81.30000305,0.01002,14.28273926,-0.866523445,0.659990191
24-08-2019,20.89999962,82.5,0.01034,14.51638184,-1.474865675,-0.787883282
25-08-2019,23.5,80.20000458,0.009409999,13.55748901,-2.932050705,1.973149419
26-08-2019,21.89999962,82.30000305,0.01096,15.34996948,-2.233310461,0.432680666
27-08-2019,21.30000114,81.90000153,0.01024,14.4500061,-2.156855345,-0.819604456
28-08-2019,25.60000038,85.90000153,0.011059999,14.91259155,-1.352889419,-1.020576119
29-08-2019,28.80000114,82,0.011109999,15.66832886,-1.308549762,-0.018208008
30-08-2019,26.39999962,84.70000458,0.01177,16.05129395,-1.399411559,0.94660157
31-08-2019,26.89999962,87.30000305,0.01182,15.68273315,-2.090436935,0.262587875
01-09-2019,27.60000038,85.70000458,0.011729999,15.8461853,-1.054787517,-0.931064427
02-09-2019,27.10000038,86.09999847,0.01219,16.3461853,-1.285580993,-0.270175785
03-09-2019,20.39999962,85.09999847,0.01151,15.66930542,-1.689428687,1.522653818
04-09-2019,21.5,82.90000153,0.010939999,15.21547852,-1.769438386,-0.082163081
05-09-2019,21.89999962,83.90000153,0.01031,14.14998779,-1.792675734,-0.655737281
06-09-2019,24,85.80000305,0.010389999,13.9500061,-1.25619626,0.288862288
07-09-2019,27.80000114,87.70000458,0.01157,15.2499939,-1.133725524,-1.017272949
08-09-2019,24.70000076,81.90000153,0.010009999,14.15001831,-1.481401324,0.08092773
09-09-2019,24.89999962,88.59999847,0.01095,14.26470337,-1.886928678,0.991728485
10-09-2019,20.10000038,87.30000305,0.01090801,14.40279541,-2.78911376,-1.012414575
11-09-2019,21.80000114,88.40000153,0.01164,15.15001831,-2.881086349,-0.298044413
12-09-2019,20,88.5,0.01131,14.75133667,-2.424572706,-1.635075688
13-09-2019,20.20000076,82.70000458,0.01042,14.58178101,-1.906330466,-2.026872396
14-09-2019,19.60000038,89.5,0.01168,15.03069458,-2.483278751,-0.826230466
15-09-2019,18.30000114,81.70000458,0.011469999,16.15001831,-3.377568245,-1.533588886
16-09-2019,18,83.59999847,0.01131,15.65001831,-2.755400419,-1.568706036
17-09-2019,18.39999962,79.80000305,0.01101,15.86828003,-2.620014668,0.18650879
18-09-2019,16.30000114,80.30000305,0.01078,15.54198608,-2.104836464,0.136777341
19-09-2019,19.70000076,76.40000153,0.00981,14.85,-3.401059389,-1.266288996
20-09-2019,15.90000057,73.5,0.00862,13.45406494,-2.038637638,-1.165578604
21-09-2019,19.89999962,81.59999847,0.01028,14.53835449,-2.184455633,-0.792080045
22-09-2019,23.20000076,82.90000153,0.01047,14.60387573,-1.907788038,-0.54047364
23-09-2019,24.60000038,78.20000458,0.01016,15.0385376,-1.381352544,-1.048159122
24-09-2019,23.39999962,84.30000305,0.011419999,15.66222534,-1.929284573,-0.801904261
25-09-2019,26.39999962,86,0.01129,15.15001831,-1.482766032,-0.46143797
26-09-2019,28.10000038,83.5,0.01199,16.53099976,-2.10641098,0.235371083
27-09-2019,26,85.70000458,0.011179999,15.07509766,-2.144057512,-0.162495106
28-09-2019,23.89999962,87.59999847,0.01126,14.82940063,-2.188725471,-0.403537601
29-09-2019,23,66.30000305,0.00881,15.36019287,-2.350375891,-1.708884239
30-09-2019,23.60000038,87.90000153,0.011899999,15.60448608,-1.946914077,-1.420751929
01-10-2019,23.5,80.59999847,0.01129,16.1307312,-1.456706524,-2.731057167
02-10-2019,26.10000038,72.09999847,0.00952,15.27590332,-1.031132817,-0.226176754
03-10-2019,23.5,87.5,0.012090153,15.91695557,-3.869497061,-0.028867187
04-10-2019,24,85.40000153,0.011159999,15.07564697,-3.336921215,-0.384863287
05-10-2019,27.5,88.30000305,0.01169,15.27834473,-3.03495121,-0.025942381
06-10-2019,29.30000114,85.30000305,0.011489999,15.58345947,-1.52976799,0.394753397
07-10-2019,24.60000038,90,0.011829999,15.15233765,-2.956916332,0.480322242
08-10-2019,22.80000114,83.59999847,0.01079,14.86272583,-2.221923828,-1.096868873
09-10-2019,25,82.20000458,0.011659999,16.34639893,-3.157208204,-1.036932349
10-10-2019,28,84.90000153,0.0118,16.03997192,-3.080481052,-0.787518322
11-10-2019,32,92.09999847,0.01265,15.82216797,-5.032934666,0.519860804
12-10-2019,29.20000076,86.09999847,0.011609999,15.53823242,-3.403884172,0.732727051
13-10-2019,28,86.80000305,0.01179,15.65749512,-2.474201679,-0.159267575
14-10-2019,27.10000038,85.90000153,0.01162,15.59945068,-2.095197678,-0.512006819
15-10-2019,26.20000076,90.5,0.01205,15.36895142,-2.478034496,-0.510974109
16-10-2019,26.30000114,78.90000153,0.01077,15.75499878,-2.918689013,-2.014843702
17-10-2019,29.20000076,83.5,0.01175,16.22036133,-1.513541222,-1.702065349
18-10-2019,30.30000114,84,0.01199,16.46764526,-2.10538578,0.965895951
19-10-2019,30.80000114,87.70000458,0.01213,15.96328125,-1.485090256,-0.647602499
20-10-2019,28.70000076,90.30000305,0.012279999,15.69405518,-1.724284649,0.357182622
21-10-2019,26.20000076,89.90000153,0.012089999,15.5262085,-2.322504759,-0.962314427
22-10-2019,23.75745964,84.40000153,0.01146,15.64595947,-2.523154259,-1.189572692
23-10-2019,26.5,81.5,0.01179,16.6177002,-2.695878744,-1.040151358
24-10-2019,28.39999962,85.40000153,0.01198,16.16732178,-2.119245529,-1.708896399
25-10-2019,27.60000038,87.30000305,0.01194,15.78054199,-2.326157093,-1.187387705
26-10-2019,30.89999962,89.70000458,0.012763533,16.36931763,-3.915939808,-0.929575145
27-10-2019,28.5,92.20000458,0.012014872,15.01915894,-1.74822998,-1.245722651
28-10-2019,24.10000038,90.59999847,0.01232,15.65267334,-1.98001945,-1.675322175
29-10-2019,28.60000038,87.09999847,0.01213,16.02108154,-1.429946303,-1.033608317
30-10-2019,24.91879463,88.90000153,0.011955638,15.49242554,-1.955336928,-1.911176682
31-10-2019,27.80000114,80.80000305,0.011288049,16.11037598,-2.449736357,-1.461564898
01-11-2019,21.5,87.70000458,0.01139,15.00368652,-1.269648433,-1.623066425
02-11-2019,21.5,87.59999847,0.011849999,15.59475098,-1.817924738,-0.917783201
03-11-2019,21.80000114,80.20000458,0.010369999,14.91768799,-2.354531288,-1.495515108
04-11-2019,23.10000038,87.20000458,0.01157,15.32442627,-2.709909678,-1.761401296
05-11-2019,16.60000038,88,0.01155,15.18242798,-2.120349169,-1.487686157
06-11-2019,24.39999962,88.70000458,0.01193,15.52126465,-1.994274974,-1.410205126
07-11-2019,26.10000038,87.20000458,0.01231,16.24758301,-3.282099485,-1.298305631
08-11-2019,24.80000114,92.5,0.01239,15.45583496,-2.230073214,-1.346718669
09-11-2019,25.20000076,88.80000305,0.0118,15.31896362,-2.808012724,-0.925810516
10-11-2019,27,86.20000458,0.011851303,15.8755127,-1.935458899,-1.375705481
11-11-2019,26.3040905,89.70000458,0.012842166,16.44634399,-3.587670803,-0.524338365
12-11-2019,29.20000076,91.09999847,0.012864769,16.21395264,-3.005095243,-0.7942065
13-11-2019,31,90,0.012759999,16.271875,-2.478683949,-0.676835895
14-11-2019,31.15566444,90.70000458,0.01263,16.00600586,-3.496701479,-1.913764596
15-11-2019,29.5,87.90000153,0.012099226,15.84130249,-1.726030231,-1.215685964
16-11-2019,25.5,88.90000153,0.01246,16.09008179,-3.022399902,-2.264433622
17-11-2019,26.5,84,0.012078702,16.51842651,-4.475625515,-2.606860399
18-11-2019,28.70000076,84.80000305,0.012161527,16.51964722,-3.212375402,-2.128442287
19-11-2019,29.20000076,86.90000153,0.01208,16.01192627,-2.437307119,-1.875087857
20-11-2019,32.29999924,87.30000305,0.01246,16.428125,-2.540112257,-1.550151348
21-11-2019,30.70000076,85.40000153,0.01212,16.33779297,-0.577885747,-0.956103504
22-11-2019,31,88.90000153,0.01237,16.01998291,-1.453562021,-1.19864738
23-11-2019,32.29999924,88.20000458,0.012619999,16.46236572,-2.191865206,-2.034113646
24-11-2019,25.60000038,82.09999847,0.010520712,14.75219116,0.069355465,-1.205581069
25-11-2019,32.70000076,82.5,0.011179999,15.67546997,-0.045615233,-0.055827636
26-11-2019,31.30000114,85.80000305,0.011779999,15.89385376,1.698449612,-0.257124007
27-11-2019,30.5,89,0.011860146,15.38213501,-1.134077072,-0.553969741
28-11-2019,28.20000076,91.59999847,0.012450556,15.65996704,-2.648102999,-1.622729421
29-11-2019,29.30915642,91.20000458,0.012676014,16.01098022,-1.899394512,-1.78226316
30-11-2019,31.40408897,91.80000305,0.013102004,16.43493042,-2.218132257,-1.567143559
01-12-2019,33.29999924,91.59999847,0.01292,16.25951538,-2.929262638,-1.471518517
02-12-2019,30.39999962,90.90000153,0.012300038,15.59203491,-2.187753916,-1.066064477
03-12-2019,29.70000076,93.30000305,0.013276665,16.3789917,-2.762895346,-0.497565895
04-12-2019,33.79999924,89.30000305,0.012832698,16.53267822,-1.962612271,-1.3889575
05-12-2019,28.70000076,86.40000153,0.011720018,15.64748535,-1.611535549,-1.090041518
06-12-2019,30.16020584,86.59999847,0.011526329,15.38948975,-1.292255878,-1.48631835
07-12-2019,32.90000153,89.20000458,0.012533948,16.1793457,-1.950749516,-1.867133737
08-12-2019,32.29999924,90.30000305,0.012948407,16.48259888,-1.529731393,-1.037009239
09-12-2019,33.5,90.20000458,0.012812186,16.35967407,-1.019501925,0.646633267
10-12-2019,32.60000229,87.20000458,0.01217,16.11971436,-0.91144532,-0.621291518
11-12-2019,26.20000076,92.20000458,0.011926057,14.90282593,-2.03679204,-1.995249033
12-12-2019,24.70000076,91.59999847,0.01146,14.36730347,-1.151579618,-1.211269498
13-12-2019,27.60000038,83.90000153,0.01144,15.73037109,-1.394780278,-1.543015122
14-12-2019,25.30000114,90.80000305,0.01186,15.05388794,-1.633393526,-1.762106895
15-12-2019,26.39999962,87.90000153,0.011756532,15.40584717,-3.098725557,-2.280607939
16-12-2019,27.20000076,91.80000305,0.011770306,14.75811157,-2.192448616,-1.947319269
17-12-2019,24.30000114,90.40000153,0.012620308,16.07631836,-1.613371491,-1.36928463
18-12-2019,26.5,91.30000305,0.012271339,15.48775635,-1.881857872,-0.959257782
19-12-2019,21.10000038,85.59999847,0.011291278,15.23412476,-3.705872774,-2.739008665
20-12-2019,17.20000076,85.30000305,0.01027,13.87490234,-1.255224586,-1.603037119
21-12-2019,27.80000114,88.59999847,0.011942878,15.55199585,-1.035069585,-1.517617106
22-12-2019,31.89999962,89.40000153,0.012376956,15.98571167,-1.769772887,-1.243889093
23-12-2019,31.1693058,91.09999847,0.012648348,16.01690063,-2.032363176,-1.325100064
24-12-2019,31.80402565,92.80000305,0.01255,15.60244141,-2.195082903,-1.172314405
25-12-2019,31.80000114,93.20000458,0.013189999,16.29238281,-2.89086175,-1.441726089
26-12-2019,30.30000114,91.90000153,0.01282,16.06325684,-1.340107441,-0.403381348
27-12-2019,29.30004883,86.5,0.01255,16.69637451,-0.953635216,-0.881264627
28-12-2019,31.02041626,87.09999847,0.01277241,16.85436401,-0.930053711,-1.511264563
29-12-2019,28.89999962,88.90000153,0.012430005,16.08623657,-0.884575188,-0.639897466
30-12-2019,21.60000038,89.30000305,0.01213,15.67077026,-2.423813343,-1.155927658
31-12-2019,16.5,85,0.010973891,14.94777832,-1.415812969,-2.028264046
01-01-2020,15.90000057,84.5,0.01086,14.86623535,-1.509448171,-2.272683144
